{"ChestTween":false,"PoleV1":false,"A-Stats":false,"S-HolidayGift":false,"B-Selected":"nil","S-BringMobs":true,"Stats-Defense":false,"M-AntiAFK":true,"M-Health":25,"Stats-Sword":false,"SecondSea":false,"Nearest":false,"S-BringDistance":250,"M-WalkOnWater":true,"M-DamageCounter":false,"M-WalkSpeed:B":150,"AllBosses":false,"M-Notifications":false,"S-TweenSpeed":200,"BossSelected":false,"Stats-Demon Fruit":false,"F-AutoStore":false,"S-AutoClick":true,"M-Tool":"Blox Fruit","S-ClickDelay":0.02,"S-Material":"nil","S-AutoBuso":true,"S-Distance":15,"F-RandomFruit":false,"TheSaw":false,"B-Quest":true,"Fruits":false,"M-WalkSpeed:A":false,"Stats-Melee":false,"Stats-Gun":false,"P-Stats":3,"M-Skills":{"X":false,"C":false,"Z":false,"F":false,"V":false},"UIScale":"Medium","ChristmasGift":false,"Level":true,"Mastery":false,"Material":false,"FarmTool":"Melee","Saber":false}